{
  "localService/mockserver.js": 1609412732199,
  "manifest.json": 1609416048860,
  "localService/sensors.json": 1609413140668,
  "model/models.js": 1609412732199,
  "i18n/i18n.properties": 1609413584784,
  "controller/Sensors.controller.js": 1609415646859,
  "controller/SensorStatus.controller.js": 1609415646859,
  "controller/App.controller.js": 1609412732203,
  "Component.js": 1609412732195,
  "manifest-bundle.zip": 1609416048617,
  "Component-preload.js": 1609416048811,
  "Component-dbg.js": 1609412732195,
  "localService/mockserver-dbg.js": 1609412732199,
  "controller/Sensors-dbg.controller.js": 1609415646859,
  "controller/SensorStatus-dbg.controller.js": 1609415646859,
  "controller/App-dbg.controller.js": 1609412732203,
  "model/models-dbg.js": 1609412732199,
  "resources.json": 1609416048863,
  "view/Sensors.view.xml": 1609415646859,
  "view/SensorStatus.view.xml": 1609415646859,
  "view/CustomerSelectDialog.fragment.xml": 1609414689434,
  "view/App.view.xml": 1609412732203,
  "css/style.css": 1609412732199,
  "index.html": 1609415646855
}